id,parent,날짜,자산,분류,소분류,내용,금액,수입/지출,메모
1,,2024-03-13 12:21,은행,식비,,라이프밀크티-채은,4000,지출,
2,,2024-03-13 12:21,은행,식비,,사장님돈까스-채은,9500,지출,
3,,2024-03-11 12:20,은행,식비,,스튜디오웝--채은,5000,지출,
4,,2024-03-11 12:20,은행,식비,,존재의이유-채은,8000,지출,
5,,2024-03-10 16:20,은행,식비,,공대이마트,2700,지출,
6,,2024-03-08 18:19,은행,식비,,창신역 gs,3500,지출,
7,,2024-03-06 23:19,은행,식비,,오봉도시락-영애,4500,지출,
8,10,2024-03-06 18:19,은행,식비,,백제정육점-영수효정,31334,지출,
9,,2024-03-06 16:15,은행,식비,,공대이마트,1500,지출,
10,,2024-03-06 16:15,일정,약속,,백제정육점,31334,,
11,,2024-03-05 12:17,은행,기타,,해비타트,10000,지출,
12,,2024-03-04 18:36,은행,문화생활,,코노-영수비차,4000,지출,
13,,2024-03-04 13:36,은행,식비,,딸기골-영수딱지,6500,지출,
14,,2024-03-01 18:36,은행,용돈,,,300000,수입,
15,,2024-02-29 18:34,은행,월급,,,499230,수입,
16,,2024-02-29 18:34,은행,식비,,맥도날드-지민,14100,지출,
17,,2024-02-29 14:34,은행,식비,,백엔드팀플카페,4100,지출,
18,20,2024-02-27 18:33,은행,식비,,안테이쿠-세원하린(26일),39860,지출,
19,20,2024-02-26 18:33,은행,경조사/회비,,민아 졸업식 꽃다발,32000,지출,
20,,2024-02-26 18:33,일정,약속,,졸업식팟,71860,,
21,,2024-02-22 18:32,은행,패션/미용,,미용실 매직,110000,지출,
22,,2024-02-22 16:32,은행,식비,,공차-지민,5000,지출,
23,,2024-02-20 18:32,은행,식비,,"마라탕-지민(카카오8,000원",10000,지출,
24,,2024-02-19 18:30,은행,패션/미용,,미용실 예약금,10000,지출,
25,,2024-02-19 18:30,은행,문화생활,,플로결제,790,지출,
26,,2024-02-18 18:17,은행,식비,,뿌링클-집,20000,지출,
27,,2024-02-14 18:16,은행,문화생활,,코노-지민,5000,지출,
28,,2024-02-14 18:16,은행,건강,,약국,7000,지출,
29,,2024-02-14 18:16,은행,건강,,이비인후과,5200,지출,
30,,2024-02-12 18:15,은행,문화생활,,티빙 한달,4250,지출,
31,33,2024-02-11 18:14,은행,식비,,"명동밥카페-영애(21,250)",18687,지출,
32,,2024-02-11 18:14,은행,문화생활,,넷플,4250,지출,
33,,2024-02-11 18:14,일정,약속,,만화의집,18687,,
34,,2024-02-10 18:13,은행,기타,,이자세금,2374,수입,
35,,2024-02-09 18:13,은행,문화생활,,봄툰충전,11900,지출,
36,42,2024-02-07 18:12,은행,식비,,하린이랑 밥(5일),10000,지출,
37,,2024-02-05 18:10,은행,선물,,트레블월렛 200달러,266160,지출,
38,,2024-02-05 18:10,은행,기타,,해비타트,10000,지출,
39,,2024-02-05 18:10,은행,기타,,피씨방,3000,지출,
40,42,2024-02-05 16:10,은행,선물,,하린 빵,10500,지출,
41,,2024-02-05 13:10,은행,식비,,피씨방 점심-뚱이(4500줌),8500,지출,
42,,2024-02-05 13:10,일정,약속,,하린이,20500,,
43,,2024-02-03 13:09,은행,식비,,백엔드팀플카페,4500,지출,
44,,2024-02-01 18:10,은행,용돈,,,300000,수입,
45,,2024-01-31 13:05,은행,월급,,,499530,수입,
46,,2024-01-29 13:04,은행,식비,,지하철빵,1400,지출,
47,,2024-01-29 13:04,은행,교육,,"인프런 api 분철(카카오 14,437",20000,지출,
48,50,2024-01-28 13:03,은행,여행,,구미경산-몽실영수쿠스오구,106915,지출,식비+교통비
49,,2024-01-26 13:00,은행,교통/차량,,티머니,25000,지출,
50,,2024-01-26 13:00,일정,여행,,구미경산에 가다,106915,,
51,53,2024-01-25 12:59,은행,식비,,카페에서 팀플,5500,지출,
52,53,2024-01-25 12:59,은행,식비,,쿤쏨차이-윤진 //카카오로 15000원받음,15000,지출,
53,,2024-01-25 12:59,일정,약속,,머입지팀플,20500,,
54,,2024-01-24 12:54,은행,기타,,정처기 교재 당근,18000,수입,
55,,2024-01-24 12:54,은행,기타,,티머니카드 환불,27010,수입,
56,,2024-01-24 12:54,은행,교통/차량,,구미 ktx,30000,지출,
57,,2024-01-20 12:53,은행,선물,,트레블월렛 100달러,133700,지출,
58,,2024-01-20 12:53,은행,교육,,도로주행,30000,지출,
59,,2024-01-19 12:50,은행,선물,,트레블월렛 100달러,133400,지출,
60,,2024-01-19 12:50,은행,식비,,배민김치찜-아빠,20000,지출,
61,,2024-01-19 12:50,은행,교통/차량,,티머니,10000,지출,
62,,2024-01-19 12:50,은행,문화생활,,플로결제,790,지출,
63,,2024-01-17 0:21,은행,식비,,치즈퀸,11700,지출,
64,,2024-01-15 12:20,은행,식비,,"마라탕-지민//15,000",20000,지출,
65,,2024-01-15 0:20,은행,기타,,성적증명서 다시,500,지출,
66,,2024-01-13 0:19,은행,문화생활,,봄툰충전,11900,지출,
67,70,2024-01-12 0:16,은행,여행,,일본여행-지민,177690,지출,"숙소유심여행자보험+현지사용+(-250,000: 아빠지원)"
68,,2024-01-11 0:14,은행,문화생활,,넷플,4250,지출,
69,,2024-01-09 0:14,은행,기타,,성적증명재학증명,1000,지출,
70,,2024-01-09 0:14,일정,여행,,후쿠오카지민,422990,,
71,,2024-01-08 0:13,은행,식비,,달콤이네,5200,지출,
72,104,2024-01-08 0:13,은행,교육,,연습면허,4000,지출,
73,70,2024-01-06 0:13,은행,패션/미용,,여행용가방,20000,지출,
74,,2024-01-05 12:12,은행,식비,,꿔바로우-아빠지민,10000,지출,
75,,2024-01-05 0:12,은행,기타,,해비타트,10000,지출,
76,,2024-01-03 0:10,은행,건강,,안경,46900,지출,
77,,2024-01-03 0:10,은행,건강,,치과 스케일링,33400,지출,
78,104,2024-01-03 0:10,은행,교육,,운전기능,25000,지출,
79,,2024-01-02 0:10,은행,용돈,,,300000,수입,
80,,2023-12-29 18:08,은행,식비,,맥도날드,14100,지출,
81,,2023-12-29 0:08,은행,부수입,,학교알바,110630,수입,
82,,2023-12-29 0:08,은행,기타,,탑싯환불,10000,수입,
83,,2023-12-29 0:08,은행,식비,,기능교육 점심,4900,지출,
84,,2023-12-29 0:08,은행,월급,,,551523,수입,
85,104,2023-12-28 19:33,은행,교육,,운전기능,25000,지출,"전날먹은마라탕, 요아정 합쳐서 퉁침"
86,,2023-12-28 19:31,은행,식비,,"요아정(14,xxx)-지민",20000,지출,
87,,2023-12-28 19:31,은행,부수입,,편입조교,111550,수입,
88,70,2023-12-27 19:30,은행,여행,,후쿠오카비행기,225300,지출,
89,104,2023-12-26 19:30,은행,기타,,교통사고,700000,수입,
90,,2023-12-26 12:30,은행,식비,,학교알바 점심,5900,지출,
91,95,2023-12-25 19:29,은행,여행,,춘천 먹은 거 + 택시,54750,지출,
92,95,2023-12-24 19:27,은행,교통/차량,,춘천오는기차(8600),10000,지출,
93,95,2023-12-24 19:27,은행,식비,,춘천카페,7000,지출,
94,95,2023-12-24 19:27,은행,선물,,춘천주류마켓,38300,지출,
95,,2023-12-24 19:27,일정,여행,,춘천둥이,110050,,
96,,2023-12-23 19:25,은행,선물,,춘천선물(과실주),19000,지출,
97,,2023-12-23 19:25,은행,식비,,달콤이네,7400,지출,
98,,2023-12-23 19:25,은행,식비,,춘천케이크n빵,7875,지출,
99,104,2023-12-22 19:24,은행,교육,,운전면허학원,470000,지출,
100,104,2023-12-21 19:22,은행,교육,,운전면허 신검,6000,지출,
101,104,2023-12-21 19:22,은행,교육,,운전필기,10000,지출,
102,104,2023-12-21 19:22,현금,교육,,운전면허학원,50000,지출,
103,,2023-12-21 19:22,은행,식비,,와플-지민,10000,지출,
104,,2023-12-21 19:22,일정,일정,,운전면허학원,110000,,
105,110,2023-12-20 17:02,은행,선물,,애기들선물,48000,지출,"포켓몬 카드 9,000+10,000
기차 22,000
인형 7,000"
106,110,2023-12-20 17:02,은행,식비,,스벅-재철,6300,지출,
107,110,2023-12-20 17:02,은행,문화생활,,냐루토+이타치+쿠지+갑타,58000,지출,
108,110,2023-12-20 17:02,은행,문화생활,,나루토 오뚜기,4500,지출,
109,,2023-12-20 17:02,은행,기타,,채원이부탁+민아아카기,30000,수입,
110,,2023-12-20 17:02,일정,약속,,재철국전,116800,,
111,,2023-12-19 16:59,은행,문화생활,,플로결제,1580,지출,
112,,2023-12-17 16:59,은행,문화생활,,주회랜덤깡,3000,지출,
113,,2023-12-17 16:59,은행,식비,,아웃닭-자두호빵,10780,지출,
114,,2023-12-16 16:55,은행,식비,,씨유,2500,지출,
115,119,2023-12-16 16:55,은행,경조사/회비,,"채원이생일케이크(카카오페이 8,400원)",10000,지출,
116,,2023-12-16 16:55,은행,식비,,엽떡-지민//네이버페이2.0,9000,지출,
117,119,2023-12-15 18:54,은행,식비,,중경식객-채원이생일,21500,지출,
118,119,2023-12-15 16:54,은행,경조사/회비,,채원이생일-아트박스,14000,지출,
119,,2023-12-15 16:54,일정,약속,,채원이생파,45500,,
120,,2023-12-14 16:41,은행,식비,,산사탕후루,6400,지출,
121,,2023-12-13 16:41,은행,문화생활,,영수일본,70000,지출,
122,,2023-12-13 16:41,은행,식비,,씨유,1900,지출,
123,,2023-12-12 16:39,은행,교통/차량,,춘천가는기차(8600),10000,지출,
124,,2023-12-11 16:38,은행,식비,,투썸카공,2400,지출,
125,,2023-12-11 16:38,은행,문화생활,,넷플,4250,지출,
126,,2023-12-10 16:36,은행,문화생활,,네이버페이-미스터블루,10000,지출,
127,,2023-12-07 16:36,은행,부수입,,논술조교알바,53350,수입,
128,,2023-12-05 16:34,은행,기타,,해비타트,10000,지출,
129,,2023-12-05 16:34,은행,식비,,투썸카공,4700,지출,
130,,2023-12-05 16:34,은행,패션/미용,,"포렌코즈틴트-지민(30,700)",15700,지출,
131,,2023-12-04 16:33,은행,식비,,아이스크림,2600,지출,
132,,2023-12-04 16:33,은행,경조사/회비,,엄마장미꽃,6000,지출,
133,,2023-12-03 16:30,은행,기타,,준수냥이-효정,5900,수입,
134,,2023-12-03 16:30,은행,식비,,빵준온-영수오마카세,21000,지출,
135,,2023-12-03 16:30,은행,문화생활,,리디충전,100000,지출,
136,,2023-12-02 16:30,은행,식비,,설빙-집,24800,지출,
137,,2023-12-01 0:46,은행,문화생활,,리디충전,100000,지출,
138,,2023-12-01 0:46,은행,용돈,,,300000,수입,
139,,2023-11-30 0:45,은행,식비,,"피자헛-집(25,250원)",30000,지출,
140,,2023-11-30 0:45,은행,월급,,,499042,수입,
141,143,2023-11-27 23:47,은행,식비,,안테이쿠돈룩업-영수자두비차레기,30000,지출,
142,,2023-11-27 23:47,은행,패션/미용,,헌헌티셔츠,29000,지출,
143,,2023-11-27 23:47,일정,약속,,안테이쿠,30000,,
144,,2023-11-26 23:46,은행,식비,,산청자매훠궈-논술조교끝나고•••,21000,지출,
145,148,2023-11-26 23:46,은행,식비,,"초밥-영수뚱이(18000원, 23일)",20000,지출,
146,,2023-11-24 23:44,은행,문화생활,,봄툰충전,11900,지출,
147,148,2023-11-23 23:44,은행,식비,,공차-효정,10300,지출,
148,,2023-11-23 23:44,일정,약속,,영수효정,30300,,
149,,2023-11-22 23:44,은행,식비,,생협불닭,1800,지출,
150,,2023-11-21 23:43,은행,식비,,원즈오운-지민,14800,지출,
151,,2023-11-20 23:43,은행,경조사/회비,,아빠생일선물(옷)-27일송금,75000,지출,
152,,2023-11-20 23:43,은행,식비,,아빠생일케이크,16500,지출,
153,,2023-11-19 23:43,은행,문화생활,,플로결제,790,지출,
154,156,2023-11-18 23:42,은행,식비,,코지인무르무르(저녁)-민아,18300,지출,
155,156,2023-11-18 23:42,은행,식비,,카공-민아,5500,지출,
156,,2023-11-18 23:42,일정,약속,,민아팀플,23800,,
157,,2023-11-15 23:42,은행,식비,,투썸카공,6500,지출,
158,,2023-11-13 23:41,은행,식비,,서브웨이,6900,지출,
159,,2023-11-12 23:41,은행,문화생활,,넷플,4250,지출,
160,,2023-11-12 23:41,은행,문화생활,,네이버페이-미스터블루3000원,10000,지출,
161,,2023-11-11 23:39,은행,경조사/회비,,지현지은언니생일케이크-지민,15750,지출,
162,,2023-11-10 23:39,은행,문화생활,,성시경콘,145000,지출,
163,165,2023-11-09 21:00,은행,식비,,그릭데이-민아,6400,지출,
164,165,2023-11-09 21:00,은행,식비,,와플잇업-민아,6500,지출,
165,,2023-11-09 21:00,일정,약속,,민아팀플,12900,,
166,,2023-11-08 21:00,은행,문화생활,,준수냥이,18500,지출,
167,,2023-11-06 20:59,은행,기타,,해비타트,10000,지출,
168,,2023-11-06 20:59,은행,식비,,생협시리얼바,1500,지출,
169,170,2023-11-03 20:59,은행,식비,,일산밥카페-채은(졸프),20000,지출,
170,,2023-11-03 20:59,일정,일정,,일산졸프,20000,,
171,,2023-11-01 20:56,은행,식비,,투썸카공-지민,6500,지출,
172,,2023-11-01 20:56,은행,문화생활,,빵준온(남),12000,지출,
173,,2023-11-01 20:56,은행,용돈,,,300000,수입,
174,175,2023-10-31 10:44,은행,식비,,연어카페-영수자두재철(30일),26800,지출,
175,,2023-10-30 10:44,일정,약속,,연어팟,26800,,
176,,2023-10-29 21:25,은행,식비,,치즈퀸(네이버페이5만원),26100,지출,"비차
엄마님의 후원^^"
177,,2023-10-28 21:21,은행,식비,,"와플등등-지민(네이버페이 10,000원)",6700,지출,
178,,2023-10-28 21:21,은행,문화생활,,"준수키링(16,300원-뚱이랑 분철)",10400,지출,
179,180,2023-10-27 21:20,은행,식비,,우미회전초밥-영수뚱이,21000,지출,
180,,2023-10-27 21:20,일정,약속,,우미회전초밥-영수뚱이,21000,,
181,183,2023-10-26 20:46,은행,식비,,아야진-자두샌드,22800,지출,
182,183,2023-10-26 20:46,은행,식비,,자연도소금빵,12000,지출,
183,,2023-10-26 20:46,일정,약속,,아야진-자두샌드,34800,,
184,187,2023-10-24 20:43,은행,문화생활,,코노-지민,3000,지출,
185,187,2023-10-24 20:43,은행,식비,,카페메이크미해피-지민,9750,지출,
186,187,2023-10-24 20:43,은행,식비,,화궁방-지민,14750,지출,
187,,2023-10-24 20:43,일정,약속,,화궁방오프 -지민,27500,,
188,,2023-10-20 0:21,은행,문화생활,,"빵빵 회지(2권, 1.0+2.5+0.38+뭔보증금)",39300,지출,
189,,2023-10-20 0:21,은행,식비,,마라탕-채은,10600,지출,
190,,2023-10-19 16:34,은행,생활용품,,키보드 당근,7000,지출,
191,,2023-10-19 16:34,은행,식비,,콘크리트팔레트-지민,6000,지출,
192,,2023-10-19 16:34,은행,문화생활,,플로결제,790,지출,
193,,2023-10-18 16:33,은행,식비,,과자,2200,지출,
194,196,2023-10-16 1:08,은행,식비,,멘토링 끝나고 밥-선아채은,30000,지출,"26,600원"
195,,2023-10-16 1:08,은행,식비,,마라찜닭-몽실세원라락(10/14),9470,지출,
196,,2023-10-16 1:08,일정,일정,,대면멘토링,30000,,
197,,2023-10-12 23:47,은행,문화생활,,봄툰충전,11900,지출,
198,,2023-10-12 23:47,은행,문화생활,,넷플,4250,지출,
199,201,2023-10-11 23:45,은행,식비,,북카페파오후식-자두,8900,지출,
200,201,2023-10-11 23:45,은행,식비,,북카페파오밥-자두,12500,지출,
201,,2023-10-11 23:45,일정,약속,,자두랑카공,21400,,
202,,2023-10-09 23:45,은행,식비,,타코카페-영수샌드비차(10월6일),19375,지출,
203,,2023-10-08 18:40,은행,식비,,마라샹궈-지민,10000,지출,"(12,000원)"
204,,2023-10-07 18:40,은행,문화생활,,네이버페이-레진//월월충전,20000,지출,
205,,2023-10-05 18:34,은행,기타,,해비타트,10000,지출,
206,209,2023-10-05 18:34,은행,식비,,미스터교자베베베-오구필수자두쿠스,14674,지출,
207,209,2023-10-05 18:34,은행,식비,,종합손물세트 조각파운드케이크,3500,지출,
208,209,2023-10-05 18:34,은행,패션/미용,,종합손물세트 지갑,28000,지출,
209,,2023-10-05 18:34,일정,약속,,자두랑 종손,46174,,
210,,2023-10-04 18:33,은행,기타,,학교알바,110630,수입,
211,,2023-10-01 18:33,은행,용돈,,,300000,수입,
212,213,2023-09-28 18:33,은행,문화생활,,이수역 만카-자두,5500,지출,
213,,2023-09-28 18:33,일정,약속,,만카데이트,5500,,
214,216,2023-09-26 18:30,은행,경조사/회비,,쿠스 생일케이크,6000,지출,
215,216,2023-09-26 18:30,은행,식비,,쿠스 생파,38900,지출,
216,,2023-09-26 18:30,일정,약속,,예원 생파,44900,,
217,,2023-09-24 14:14,은행,문화생활,,디플 한 달,2500,지출,
218,,2023-09-23 14:12,은행,식비,,야가다모임- 영수오구비차호빵몽실지니,23420,지출,
219,220,2023-09-22 14:12,은행,식비,,나연집,21400,지출,
220,,2023-09-22 14:12,일정,약속,,나연이,41400,,
221,220,2023-09-21 14:11,은행,경조사/회비,,나연생일선물,20000,지출,
222,,2023-09-20 14:10,은행,문화생활,,안녕에리,6000,지출,
223,225,2023-09-20 14:10,은행,식비,,빕스-피로하암,31934,지출,
224,,2023-09-20 14:09,은행,기타,,먼동제,10200,지출,5500+4700
225,,2023-09-20 14:09,일정,약속,,빕스라는거얌,31934,,
226,,2023-09-19 14:09,은행,문화생활,,플로결제,790,지출,
227,229,2023-09-15 14:07,은행,식비,,오코노미야끼안테이쿠-나연,31500,지출,
228,,2023-09-15 14:07,은행,식비,,졸프 간식,3500,지출,
229,,2023-09-15 14:07,일정,약속,,나연이,31500,,
230,,2023-09-12 16:22,은행,식비,,파운더리- 집,10700,지출,
231,,2023-09-12 16:22,은행,식비,,원즈오운-집,9500,지출,
232,,2023-09-11 16:22,은행,문화생활,,넷플,4250,지출,
233,,2023-09-08 16:20,은행,문화생활,,재부팅통판,16000,지출,
234,236,2023-09-07 16:17,은행,식비,,안테이쿠빙수인생네컷- 자두재철영수,32625,지출,
235,,2023-09-07 16:17,은행,식비,,찜닭- 학관에서...,8710,지출,
236,,2023-09-07 16:17,일정,약속,,안테이쿠,32625,,
237,,2023-09-05 16:16,은행,기타,,해비타트,10000,지출,
238,,2023-09-05 16:16,은행,교육,,탑싯응시료,10000,지출,
239,,2023-09-05 16:16,은행,식비,,스튜디오웝- 오구피로,5000,지출,
240,241,2023-09-04 16:15,은행,식비,,육회봉구비어빙수- 샌드효정,42130,지출,
241,,2023-09-04 16:15,일정,약속,,백제정육점,42130,,
242,243,2023-09-02 16:14,은행,식비,,원즈오운-윤애레기오구,9500,지출,
243,,2023-09-02 16:14,일정,약속,,원즈오운,9500,,
244,246,2023-09-01 16:13,은행,식비,,미쁘동티라미수-영수,28700,지출,
245,,2023-09-01 16:13,은행,경조사/회비,,지민생일+윤애선물//소품샵,13000,지출,
246,,2023-09-01 16:13,일정,약속,,영수,28700,,
247,,2023-09-01 4:13,은행,용돈,,,300000,수입,
248,,2023-08-30 17:00,은행,식비,,마라샹궈(0.5)+크림브륄레+우할떡-지민,17600,지출,
249,,2023-08-28 17:02,은행,부수입,,학교알바,280760,수입,
250,251,2023-08-27 17:01,은행,식비,,플래터스짜장면-샌드자두세원,21750,지출,
251,,2023-08-27 17:01,일정,약속,,플래터스팟,21750,,
252,,2023-08-24 17:01,은행,경조사/회비,,"립밤(네이버페이 24,000)",20000,지출,
253,259,2023-08-22 21:12,은행,문화생활,,소품샵스티커,6300,지출,
254,259,2023-08-22 21:09,은행,문화생활,,컵/티코스터,9500,지출,
255,259,2023-08-22 21:09,은행,기타,,성심당나눠먹기/빵댈구/인생네컷/두루치기/,20000,지출,
256,259,2023-08-22 21:06,은행,식비,,성심당 빵(전체 32900,26600,지출,
257,259,2023-08-22 21:06,은행,기타,,대전가는기차/메론빵/칼국수/카페그려/성심당나눠먹기,28636,지출,
258,259,2023-08-22 21:06,은행,교통/차량,,서울 오는 기차,10800,지출,
259,,2023-08-22 21:06,일정,여행,,대전당일치기,101836,,
260,,2023-08-20 16:59,은행,문화생활,,봄툰충전,11900,지출,
261,,2023-08-20 16:59,은행,패션/미용,,"김치찜-우리가좍(23,100원",30000,지출,보홀 돌아온 날
262,,2023-08-19 16:58,은행,문화생활,,플로결제,790,지출,
263,,2023-08-16 16:58,은행,식비,,쏠트24크롸쏭,8300,지출,
264,,2023-08-16 16:58,일정,여행,,보홀 가족!!,,,
265,266,2023-08-15 16:58,은행,식비,,안테이쿠-세원자두(14일),32000,지출,
266,,2023-08-14 16:58,일정,약속,,안테이쿠,32000,,
267,,2023-08-12 16:57,은행,문화생활,,넷플,4250,지출,
268,,2023-08-11 16:57,은행,기타,,요아정(이전 맥도날드랑 퉁침)-지민,4000,지출,
269,,2023-08-07 20:57,은행,기타,,해비타트,10000,지출,
270,,2023-08-07 20:57,은행,식비,,맥도날드-지민,20000,지출,"15,468"
271,,2023-08-07 20:56,은행,기타,,피씨방,4000,지출,
272,,2023-08-02 20:56,은행,기타,,빵준키캡(뚱이3만원),0,수입,
273,,2023-08-01 20:55,은행,용돈,,,300000,수입,
274,,2023-07-30 20:53,은행,식비,,죠티빙수-샌드몽실,18900,지출,정확히 언젠지 기억안남
275,,2023-07-30 20:53,은행,문화생활,,"포타충전(5000원, 네이바페이)",10000,지출,
276,278,2023-07-28 20:50,은행,식비,,평화뒷고기빙수탕후루-요롱흐물오구지니샌드,25300,지출,
277,,2023-07-28 20:50,은행,식비,,핫도그(교내카페),3500,지출,
278,,2023-07-28 20:50,일정,약속,,뒷고기팟,25300,,
279,,2023-07-27 20:49,은행,식비,,그릭데이,6600,지출,
280,,2023-07-25 20:46,은행,식비,,메가커피-지민영수,7400,지출,
281,,2023-07-25 20:46,은행,패션/미용,,머리집게(이대역),2000,지출,
282,,2023-07-25 20:46,은행,기타,,회지 대리수령 환불,0,수입,
283,,2023-07-25 20:46,은행,식비,,서브웨이,6500,지출,
284,,2023-07-24 20:46,은행,식비,,서브웨이,6700,지출,
285,286,2023-07-23 20:45,은행,교통/차량,,춘천itx(카카오 충전,10000,지출,"8,300"
286,,2023-07-23 20:45,일정,여행,,춘천둥이,20000,,
287,291,2023-07-21 20:43,은행,식비,,꿔바로우크림새우-몽하,4480,지출,
288,,2023-07-21 20:43,은행,문화생활,,봄툰충전,11900,지출,
289,291,2023-07-21 20:43,은행,식비,,마라엽떡젤라또-몽하,8670,지출,
290,286,2023-07-21 20:43,은행,교통/차량,,춘천itx(카카오 충전,10000,지출,"8,600"
291,,2023-07-21 20:43,일정,약속,,몽하,13150,,
292,,2023-07-19 20:42,은행,문화생활,,산리오팔찌(편의점,3500,지출,
293,,2023-07-19 20:42,은행,문화생활,,플로결제,790,지출,
294,,2023-07-16 20:41,은행,식비,,케이크배달-지민(네이버페이,10000,지출,"원래가격16,500"
295,,2023-07-14 21:28,은행,문화생활,,봄툰충전,11900,지출,
296,,2023-07-13 21:27,은행,식비,,구슬아이스크림-지민,6500,지출,
297,,2023-07-13 21:27,은행,문화생활,,네이버플러스(4900원),10000,지출,
298,,2023-07-12 21:26,은행,패션/미용,,귀걸이,4900,지출,
299,,2023-07-12 21:26,은행,문화생활,,넷플,4250,지출,
300,,2023-07-10 21:26,은행,부수입,,학교알바,76960,수입,
301,,2023-07-05 21:25,은행,기타,,해비타트,10000,지출,
302,,2023-07-04 21:25,은행,기타,,종로구지방소득,75000,수입,
303,,2023-07-03 21:23,은행,문화생활,,대운동회 대리수령대리구매-일부환불됨,3000,지출,
304,,2023-07-03 21:23,은행,기타,,마라탕-지민,7200,수입,
305,,2023-07-03 21:23,은행,식비,,마라탕-지민(네이버페이충전),20000,지출,
306,309,2023-07-02 21:24,은행,문화생활,,만화방-세원자두,3600,지출,7/3 윤하린
307,309,2023-07-02 21:22,은행,식비,,명봉반점-세원자두,31500,지출,
308,309,2023-07-02 21:20,은행,식비,,카공-세원,6800,지출,
309,,2023-07-02 21:20,일정,약속,,세원자두모임,41900,,
310,,2023-07-01 21:28,은행,용돈,,,300000,수입,
311,,2023-06-30 21:17,은행,식비,,피자2만원>엄마가보내줌(2.3),0,지출,
312,,2023-06-30 21:17,은행,문화생활,,빵준키캡(김민정6만원),30000,지출,
313,314,2023-06-29 21:16,은행,식비,,해벽푸카페-뚱이세원몽실,31000,지출,
314,,2023-06-29 21:16,일정,약속,,해벽푸,31000,,
315,,2023-06-29 21:16,은행,문화생활,,봄툰충전,11900,지출,
316,,2023-06-27 21:14,은행,식비,,치즈퀸(네이버페이6만원),29700,지출,
317,,2023-06-27 21:14,은행,교육,,정처기 실기 접수,22600,지출,
318,,2023-06-26 1:52,은행,기타,,국고환급,750000,수입,
319,,2023-06-23 1:51,은행,식비,,아웃닭설빙-영애,24150,지출,
320,,2023-06-23 1:51,은행,식비,,이화성-혼밥(알바),9000,지출,
321,,2023-06-20 1:50,은행,문화생활,,"포타충전(5000원, 카카오페이)",10000,지출,
322,,2023-06-19 1:43,은행,식비,,마라샹궈-지민,5000,지출,"24,260원"
323,,2023-06-19 1:43,은행,문화생활,,플로결제,790,지출,
324,,2023-06-18 1:43,은행,교육,,정처기 휴학증명서 비용,1500,지출,
325,,2023-06-17 1:41,은행,식비,,정만빙수-가족(17790원),20000,지출,
326,327,2023-06-17 1:41,은행,식비,,안테이쿠-짝아자두둥이(16일),26000,지출,
327,,2023-06-16 1:41,일정,약속,,안테이쿠,26000,,
328,,2023-06-14 1:40,은행,기타,,양평우리밀축제 돈 낸 것보다 더 줌 ㅋㅋ,15000,수입,
329,,2023-06-13 1:39,은행,문화생활,,네이버플러스(4900원),10000,지출,
330,,2023-06-11 1:38,은행,문화생활,,넷플,4250,지출,
331,,2023-06-10 1:37,은행,식비,,오늘도빙수-지민,10000,지출,
332,,2023-06-10 1:35,은행,식비,,마라샹궈-지민,7000,지출,
333,,2023-06-09 1:37,은행,문화생활,,봄툰충전,11900,지출,
334,,2023-06-08 1:36,은행,식비,,"청년다방배달-엄마지민(네이버페이, 21700원)",30000,지출,
335,340,2023-06-07 1:35,은행,식비,,카페오늘의바다-엄마,19000,지출,
336,340,2023-06-06 1:35,은행,식비,,편의점맥주-엄마,4200,지출,
337,,2023-06-05 1:33,은행,기타,,해비타트,10000,지출,
338,340,2023-06-05 1:33,은행,식비,,(제주)쉬리니케이크-엄마,18000,지출,
339,342,2023-06-05 1:33,은행,식비,,천진영감-영수몽실비차(4일),15750,지출,
340,,2023-06-05 1:33,일정,여행,,엄마랑 제주도,41200,,
341,342,2023-06-04 1:33,은행,식비,,카페플레터스-영수,10300,지출,
342,,2023-06-04 1:33,일정,약속,,영수,26050,,
343,,2023-06-03 1:32,은행,교육,,정처기 실기 교재,30000,지출,
344,,2023-06-01 10:54,은행,용돈,,,300000,수입,
345,346,2023-06-01 1:31,은행,식비,,연어빙수노래방-쮸기티밀둥이,23650,지출,
346,,2023-06-01 1:31,일정,약속,,연어팟,23650,,
347,,2023-05-29 11:27,은행,문화생활,,봄툰충전,11900,지출,
348,349,2023-05-25 11:27,은행,식비,,몽실이집,7325,지출,
349,,2023-05-25 11:27,일정,약속,,몽하,7325,,
350,,2023-05-23 11:25,은행,식비,,메가커피-엄마지민,3900,지출,
351,,2023-05-23 11:25,은행,식비,,연세크림빵,3400,지출,
352,355,2023-05-21 11:22,은행,식비,,감자탕-영수요롱은비뚱이,12600,지출,하현상버스킹
353,355,2023-05-21 11:22,은행,식비,,카페-영수요롱,17700,지출,
354,355,2023-05-21 11:16,은행,식비,,타코-영수(카페랑 합쳐서 최종정산,1900,지출,
355,,2023-05-21 11:16,일정,약속,,영수,32200,,
356,,2023-05-20 11:22,은행,식비,,애기,10850,지출,
357,,2023-05-19 11:21,은행,문화생활,,플로결제,1580,지출,
358,,2023-05-16 11:19,은행,기타,,운동스터디 벌금,2000,지출,
359,360,2023-05-16 11:19,은행,식비,,마라샹궈-샌드오구용한,12700,지출,한강소풍(14일)
360,,2023-05-14 11:19,일정,약속,,한강팟,12700,,
361,,2023-05-13 11:18,은행,문화생활,,네이버페이충전-네이버플러스월간이용권+무모하고나약하게,10000,지출,
362,,2023-05-12 11:17,은행,식비,,마라샹궈- 이지민화궁방이지민 통합,4000,지출,
363,,2023-05-11 11:02,은행,문화생활,,넷플,4250,지출,
364,369,2023-05-11 11:02,은행,식비,,편의점-대동제루시용,3200,지출,
365,369,2023-05-11 11:02,은행,식비,,쥬시-영수,4000,지출,
366,369,2023-05-11 11:02,은행,식비,,대동제,3500,지출,
367,369,2023-05-11 11:02,은행,식비,,대동제,2000,지출,
368,369,2023-05-11 11:02,은행,식비,,스튜푸딩,5500,지출,
369,,2023-05-11 11:02,일정,일정,,대동제,18200,,
370,,2023-05-08 11:02,은행,기타,,해비타트,10000,지출,
371,,2023-05-04 10:57,은행,식비,,파스타어때-엄마지민//네이버페이충전,20000,지출,
372,374,2023-05-01 10:54,은행,식비,,부산 카페-엄마랑,18500,지출,
373,374,2023-05-01 10:54,은행,문화생활,,치이카와 키링(부산),6000,지출,
374,,2023-05-01 10:54,일정,여행,,엄마랑 부산,24500,,
375,,2023-05-01 10:54,은행,용돈,,,300000,수입,
376,378,2023-04-30 10:49,은행,식비,,빵준카페 음료,5500,지출,
377,378,2023-04-30 10:49,은행,식비,,탐탐,5800,지출,
378,,2023-04-30 10:49,일정,약속,,카페투어-영수효정,11300,,
379,383,2023-04-28 20:05,은행,문화생활,,존윅영화(26일,7000,지출,
380,,2023-04-28 20:05,은행,문화생활,,봄툰충전,11900,지출,
381,,2023-04-28 20:05,은행,문화생활,,왬 갑타 포카,10500,지출,
382,383,2023-04-26 20:06,은행,식비,,노란집카레-존윅영수하암,7200,지출,
383,,2023-04-26 20:06,일정,약속,,존윅팟,14200,,
384,,2023-04-21 20:07,은행,식비,,꿔바로우-애기(6800,10000,지출,
385,,2023-04-19 20:07,은행,문화생활,,플로결제,790,지출,
386,388,2023-04-18 20:08,은행,식비,,떡볶이-몽실쿠스가람(네이버페이30000,7250,지출,
387,388,2023-04-18 20:08,은행,식비,,요아정-가람쿠스몽실,20000,지출,
388,,2023-04-18 20:08,일정,약속,,우리집으로,27250,,
389,,2023-04-17 20:12,은행,교육,,정처기 필기 접수,19400,지출,
390,,2023-04-15 16:45,은행,식비,,3월1차2차+오늘 마라샹궈 정산-지민,30000,지출,
391,,2023-04-14 20:13,은행,문화생활,,포타충전(5000,10000,지출,
392,,2023-04-13 20:12,은행,문화생활,,평자사 갑타 폴라(나중에 분철,22000,지출,
393,,2023-04-12 2:09,은행,문화생활,,넷플,4250,지출,
394,,2023-04-12 2:09,은행,기타,,적금,300000,지출,
395,396,2023-04-11 2:08,은행,식비,,마라샹궈-몽실//영화본날(9일),10500,지출,
396,,2023-04-09 2:07,일정,약속,,몽실영화,20500,,
397,396,2023-04-08 2:07,은행,문화생활,,영화리바운드-몽실//9000원,10000,지출,
398,401,2023-04-06 2:07,은행,여행,,면세금문고량주,24300,지출,
399,,2023-04-05 2:06,은행,기타,,해비타트,10000,지출,
400,401,2023-04-02 2:06,은행,식비,,대만출국전식사,8500,지출,
401,,2023-04-02 2:06,일정,여행,,"대만여행 - 윤애,몽실",531625,,400000 용돈처리완
402,,2023-04-01 2:09,은행,용돈,,,500000,수입,
403,407,2023-03-26 2:01,은행,식비,,카페로 마무리,13800,지출,
404,401,2023-03-26 2:01,은행,여행,,대만버스투어//네이버페이3만원,10900,지출,
405,407,2023-03-26 2:01,은행,식비,,즉떡+피자-윤애몽실,14400,지출,
406,401,2023-03-26 2:01,은행,여행,,대만경비,340000,지출,
407,,2023-03-26 2:01,일정,약속,,대만팟 일정짜기,28200,,
408,,2023-03-25 1:59,은행,기타,,24시만화카페,3000,지출,
409,410,2023-03-23 1:59,은행,문화생활,,만카-딩딩은비,8500,지출,딩딩이 밥 사줌ㅎ
410,,2023-03-23 1:59,일정,약속,,딩딩은비데이트,8500,,
411,401,2023-03-21 17:17,은행,여행,,여행자보험,8130,지출,
412,401,2023-03-21 17:17,은행,여행,,다이소돼지코,995,지출,
413,401,2023-03-21 17:17,은행,여행,,유심//네이버페이-30000원,9900,지출,
414,416,2023-03-21 17:17,은행,식비,,카페,5000,지출,
415,416,2023-03-21 17:17,은행,식비,,솔솥-윤애몽실//대만,16000,지출,
416,,2023-03-21 17:17,일정,약속,,대만팟 등산모임,21000,,
417,,2023-03-17 17:16,은행,문화생활,,네이버페이-지민펀딩,20000,지출,
418,,2023-03-14 17:13,은행,식비,,지코바//네이버페이-30000원,8340,지출,
419,,2023-03-14 17:13,은행,문화생활,,카카오페이-따릉이//몽실은비,10000,지출,
420,401,2023-03-14 17:13,은행,기타,,대만여행-용돈받음ㅋㅋ,400000,수입,
421,,2023-03-14 17:13,일정,약속,,한강자전거,18340,,
422,401,2023-03-13 17:12,은행,여행,,대만여행-숙소,177400,지출,
423,,2023-03-11 17:10,은행,문화생활,,넷플,4250,지출,
424,427,2023-03-11 17:10,은행,식비,,몽실이집(2/2),11340,지출,
425,401,2023-03-10 17:11,은행,여행,,대만여행-비행기,351500,지출,
426,427,2023-03-09 17:10,은행,식비,,몽실이집,3900,지출,
427,,2023-03-09 17:10,일정,약속,,몽하,15240,,
428,,2023-03-07 17:09,은행,교육,,인프런 스프링,92400,지출,
429,,2023-03-07 17:09,은행,문화생활,,네이버페이-시리즈쿠키,10000,지출,
430,,2023-03-06 17:08,은행,식비,,이대씨유,2200,지출,
431,,2023-03-06 17:08,은행,기타,,해비타트,10000,지출,
432,,2023-03-06 17:08,은행,식비,,가야가야-이대앞,9500,지출,
433,,2023-03-04 17:07,은행,문화생활,,네이버페이-레진//월월충전,20000,지출,해지해야...
434,,2023-03-02 17:06,은행,식비,,12500원 마라탕-지민,10000,지출,
435,,2023-03-01 17:06,은행,용돈,,,300000,수입,
436,,2023-02-24 17:05,은행,식비,,11250원 뭐먹었지-지민,20000,지출,
437,,2023-02-21 17:04,은행,기타,,국고환급,1250000,수입,
438,,2023-02-21 17:03,은행,문화생활,,슬램덩크 만화책,125393,지출,
439,,2023-02-20 17:03,은행,기타,,운동스터디 벌금,500,지출,
440,,2023-02-14 17:03,은행,문화생활,,넷플,4250,지출,
441,,2023-02-11 14:09,은행,식비,,"훠궈-날숙, 요롱//슬램덩크자막",18900,지출,
442,444,2023-02-11 14:09,은행,식비,,편의점,1800,지출,
443,,2023-02-11 14:09,은행,문화생활,,프박,12000,지출,
444,,2023-02-11 14:09,일정,약속,,슬덩데이트,18900,,
445,,2023-02-07 14:08,은행,생활용품,,네이버페이-인터넷선연결잭+포타충전,20000,지출,
446,,2023-02-06 14:06,은행,기타,,해비타트,10000,지출,
447,,2023-02-06 14:06,은행,문화생활,,프박,5000,지출,
448,449,2023-02-06 14:06,은행,식비,,몽실이집(2/2),19000,지출,
449,,2023-02-06 14:06,일정,약속,,몽하,19000,,
450,,2023-02-04 14:05,은행,식비,,공차-지민,1000,지출,
451,,2023-02-04 14:05,은행,문화생활,,프박,9000,지출,
452,,2023-02-04 14:05,은행,문화생활,,네이버페이-레진,20000,지출,
453,,2023-02-01 0:22,은행,용돈,,,300000,수입,
454,,2023-01-31 0:18,은행,식비,,맥도날드/엄마지민,17400,지출,
455,,2023-01-31 0:18,은행,기타,,운동스터디 벌금,1000,지출,
456,,2023-01-25 0:18,은행,문화생활,,카카오페이-갑타스티커,10000,지출,
457,,2023-01-25 0:17,은행,식비,,카카오페이-떡볶이/지민,10000,지출,
458,,2023-01-24 0:16,은행,기타,,세뱃돈,300000,수입,
459,,2023-01-19 0:15,은행,용돈,,생일선물^^-엄마,200000,수입,
460,,2023-01-15 0:15,은행,식비,,편의점,4200,지출,
461,462,2023-01-12 0:14,은행,식비,,육회카페-오구몽실키지,37360,지출,
462,,2023-01-12 0:14,일정,약속,,육회팟,37360,,
463,,2023-01-11 0:12,은행,식비,,카카오페이-햄버거,10000,지출,
464,,2023-01-11 0:12,은행,문화생활,,넷플,4250,지출,
465,,2023-01-10 0:10,은행,문화생활,,네이버페이-리디충전,10000,지출,
466,,2023-01-10 0:10,은행,기타,,아빠현금->엄마이체,50000,수입,
467,,2023-01-09 0:08,은행,식비,,닭가슴살공구,24570,지출,
468,469,2023-01-09 0:08,은행,식비,,양꼬치만카-짝아몽실,37000,지출,
469,,2023-01-09 0:08,일정,약속,,명봉반점데이트,37000,,
470,,2023-01-06 0:07,은행,문화생활,,네코누이2차금,3029,지출,
471,,2023-01-06 0:07,은행,문화생활,,네코누이2차금,1852,지출,
472,,2023-01-05 0:06,은행,문화생활,,햄깅인형,15600,지출,
473,,2023-01-05 0:06,은행,기타,,해비타트,10000,지출,
474,477,2023-01-02 0:05,은행,문화생활,,만카-하암,22000,지출,
475,477,2023-01-02 0:05,은행,식비,,그리네카페-하암,9400,지출,
476,477,2023-01-02 0:05,은행,기타,,양말빵꾸,1500,지출,
477,,2023-01-02 0:05,일정,약속,,하암데이트,32900,,
478,,2023-01-01 0:19,은행,용돈,,,300000,수입,
479,,2022-11-25 3:01,은행,문화생활,,봄툰충전,30000,지출,
480,,2022-11-24 3:00,은행,식비,,엽떡-공대팀토10명..,4800,지출,
481,,2022-11-24 3:00,은행,식비,,커피배달-공대팀토..(23일,4185,지출,
482,,2022-11-23 18:27,은행,기타,,지민-엄마/쌍둥이언니생일선물,52000,수입,엄마생선 둘이합쳐142000//49000+3000
483,,2022-11-23 18:27,은행,경조사/회비,,엄마생일선물(냄비),120000,지출,꽃/화병이랑합쳐서나중에계산
484,,2022-11-23 18:27,은행,식비,,마라찜닭-윤애티밀펭복퍼랭영수,10800,지출,
485,,2022-11-22 18:27,현금,교통/차량,,큰아빠용돈교통비로,50000,지출,
486,,2022-11-21 18:26,은행,여행,,여권사진,15000,지출,
487,,2022-11-21 18:26,은행,여행,,여권발급,53000,지출,
488,,2022-11-20 18:26,은행,문화생활,,네이버페이-시리즈쿠키,10000,지출,
489,490,2022-11-17 18:24,은행,식비,,죠티-몽실오구윤애샌드지니,15550,지출,
490,,2022-11-17 18:24,일정,약속,,죠티팟,15550,,
491,,2022-11-16 18:22,은행,여행,,일본숙소4박,97180,지출,
492,,2022-11-16 18:22,은행,식비,,마라샹궈-티밀//17일참고,12750,지출,
493,,2022-11-16 18:22,은행,식비,,학생회실떡볶이+a,1620,지출,
494,,2022-11-16 18:22,은행,문화생활,,이화우스과자집,2500,지출,
495,,2022-11-16 18:22,은행,식비,,생협주먹밥계란물,4450,지출,
496,,2022-11-15 18:21,은행,식비,,딸기골-영수티밀,5500,지출,
497,,2022-11-14 18:21,은행,문화생활,,넷플,4250,지출,
498,,2022-11-12 18:20,은행,문화생활,,봄툰충전,11900,지출,
499,,2022-11-12 2:50,은행,기타,,엄마당근,15000,수입,수입1.5중 1.2로 생일케이크애기몫충당
500,501,2022-11-11 18:20,은행,경조사/회비,,쌍둥이언니생일케이크,27800,지출,
501,,2022-11-11 18:20,일정,생일,,지현지은언니생일,27800,,
502,,2022-11-09 18:19,은행,식비,,생협계란물,1950,지출,
503,,2022-11-07 23:58,은행,기타,,해비타트,10000,지출,
504,,2022-11-07 23:58,은행,식비,,마라탕-은비,12140,지출,
505,507,2022-11-05 23:57,은행,식비,,영수생파치킨,7000,지출,
506,507,2022-11-04 23:57,은행,경조사/회비,,영수생파대관,17500,지출,
507,,2022-11-04 23:57,일정,약속,,영수생파,24500,,
508,,2022-11-03 23:56,은행,식비,,마라샹궈크림새우꿔바로우-오구몽실영수,18560,지출,
509,,2022-11-02 15:14,은행,경조사/회비,,아빠생일,51600,지출,
510,,2022-11-02 15:14,은행,식비,,찜닭-샌드,14500,지출,
511,,2022-11-02 15:14,은행,식비,,공대학식-민아,5500,지출,
512,,2022-11-01 15:12,은행,식비,,치킨,6750,지출,
513,,2022-11-01 15:12,은행,식비,,떡볶이순대만두-몽실영수민아채원공룡,2250,지출,
514,,2022-11-01 12:12,은행,용돈,,,300000,수입,
515,,2022-10-31 15:11,은행,식비,,할리우드-민아,9000,지출,
516,,2022-10-30 15:10,은행,문화생활,,봄툰충전,11908,지출,
517,,2022-10-28 11:14,은행,식비,,마라샹궈(25일)-예현영수몽실,12250,지출,
518,,2022-10-28 11:14,은행,식비,,어바웃샤브-지니필수,12600,지출,
519,520,2022-10-28 11:14,은행,식비,,태흥빙실-은비공룡윤애피로지니필수호빵,7000,지출,
520,,2022-10-28 11:14,일정,약속,,태흥빙실팟,7000,,
521,,2022-10-27 11:11,은행,식비,,이화성-몽실영수공룡색칠퍼랭아딱지요롱,11600,지출,
522,,2022-10-26 11:10,은행,식비,,신촌칼국수호밀밭-샌드몽실딱지,16125,지출,
523,,2022-10-26 11:10,은행,식비,,생협아이스티,1500,지출,
524,,2022-10-25 11:08,은행,식비,,솔리드웍스-공대팀토,3777,지출,
525,,2022-10-24 14:38,은행,식비,,떡볶이치킨-많음..,7500,지출,
526,,2022-10-24 14:38,은행,식비,,해둥케이크-많음..,4000,지출,
527,,2022-10-24 14:38,은행,식비,,생협주먹밥계란,3150,지출,
528,,2022-10-24 14:38,은행,식비,,타코야끼-공대밤샘,3625,지출,
529,,2022-10-24 14:38,은행,식비,,지에스-레몬녹차,900,지출,
530,,2022-10-21 20:01,은행,식비,,생협아이스티,2800,지출,
531,,2022-10-21 15:14,은행,식비,,마라찜닭(11월2일지출)-공룡색칠소희이장,6980,지출,
532,,2022-10-20 19:59,은행,식비,,맘스터치-채희퍼랭지니몽실가연,7500,지출,
533,,2022-10-19 19:59,은행,문화생활,,체인소맨분철,4900,지출,
534,,2022-10-18 19:58,은행,식비,,삼첩분식-하.. 한 10명 공대팀토방,6618,지출,
535,,2022-10-16 17:29,현금,교통/차량,,"50,000원",50000,지출,
536,537,2022-10-15 19:55,은행,식비,,누룽지통닭-가람소민세원요롱몽실,11000,지출,
537,,2022-10-15 19:55,일정,약속,,홍제동모임,11000,,
538,,2022-10-15 19:55,은행,식비,,편의점,5700,지출,
539,,2022-10-13 15:15,은행,식비,,돈우마미,8000,지출,
540,,2022-10-13 15:15,은행,식비,,클로리스-필수날숙지니,9900,지출,
541,,2022-10-13 15:15,은행,문화생활,,넷플,4250,지출,
542,544,2022-10-12 15:11,은행,식비,,카페페라-몽실영수딩딩오구날숙,12700,지출,
543,,2022-10-12 15:11,은행,식비,,딸기골-몽실,5500,지출,
544,,2022-10-12 15:11,일정,약속,,그탐동모임,12700,,
545,,2022-10-12 15:11,은행,식비,,생협훈제란,1450,지출,
546,,2022-10-07 15:11,은행,식비,,삼첩분식-지민,10000,지출,
547,,2022-10-05 15:09,은행,기타,,해비타트,10000,지출,
548,,2022-10-05 15:09,은행,식비,,딸기골-영수(성준수),5500,지출,
549,,2022-10-04 15:09,은행,문화생활,,긴히지시리얼컵,15000,지출,
550,,2022-10-02 15:08,은행,문화생활,,리디충전,50000,지출,
551,,2022-10-01 15:08,은행,문화생활,,리디충전,10000,지출,
552,,2022-10-01 15:07,은행,용돈,,,300000,수입,
553,,2022-09-29 15:36,은행,식비,,두끼-요롱날숙은비,10000,지출,
554,,2022-09-28 15:34,은행,식비,,닭강정-피로퍼랭아지니몽실티밀,7400,지출,
555,,2022-09-27 15:34,은행,문화생활,,봄툰충전,11900,지출,
556,,2022-09-26 20:52,은행,식비,,딸기골-영수하린,7000,지출,
557,,2022-09-25 20:52,은행,문화생활,,네이버페이-쿠키백사부,10000,지출,
558,,2022-09-23 20:51,은행,식비,,집앞탐탐,5000,지출,
559,,2022-09-22 20:51,은행,문화생활,,먼동제네컷,2500,지출,
560,,2022-09-21 19:13,은행,식비,,공대학식-영수은비필수,5500,지출,
561,563,2022-09-20 19:12,은행,식비,,한강닭강정,7000,지출,
562,563,2022-09-20 19:12,은행,기타,,한강돗자리-피로은비윤애영수호빵지니,8000,지출,
563,,2022-09-20 19:12,일정,약속,,한강팟,15000,,
564,,2022-09-19 19:11,은행,식비,,생협훈제란,1450,지출,
565,,2022-09-17 19:10,은행,문화생활,,포타충전+마라탕-지민,10000,지출,
566,,2022-09-16 19:10,현금,교통/차량,,,50000,지출,
567,568,2022-09-16 19:10,은행,식비,,대동제,7000,지출,
568,,2022-09-16 19:10,일정,일정,,대동제,7000,,
569,572,2022-09-14 19:09,은행,식비,,현재케이크-몽실오구자림샌드,6000,지출,
570,572,2022-09-14 19:09,은행,식비,,죠티-몽실오구자림샌드,14900,지출,
571,572,2022-09-13 19:08,은행,식비,,탐탐-오구자림몽실샌드,5000,지출,
572,,2022-09-13 19:08,일정,약속,,죠티팟,25900,,
573,,2022-09-11 21:39,은행,문화생활,,넷플,4250,지출,
574,,2022-09-09 19:15,현금,용돈,,주아언니,50000,수입,
575,,2022-09-06 21:39,은행,생활용품,,폰케이스,5000,지출,
576,,2022-09-05 21:38,은행,기타,,해비타트,10000,지출,
577,,2022-09-05 21:38,은행,문화생활,,긴토키인형,22000,지출,
578,,2022-09-05 21:38,은행,기타,,쮸밥반택,1600,지출,
579,,2022-09-04 21:37,은행,기타,,쮸밥,13000,수입,
580,,2022-09-02 21:37,은행,문화생활,,톳시인형,24000,지출,
581,,2022-09-01 9:24,은행,용돈,,,300000,수입,
582,584,2022-08-30 10:29,은행,식비,,카페더빈마켓,6716,지출,
583,584,2022-08-30 10:29,은행,식비,,천미천훠궈-자림몽실요구흐물샌드,18900,지출,
584,,2022-08-30 10:29,일정,약속,,훠궈팟,25616,,
585,,2022-08-29 10:29,은행,기타,,카카오페이-비차출국,10000,지출,
586,,2022-08-28 10:28,은행,문화생활,,은혼프박,4000,지출,
587,589,2022-08-26 10:27,은행,경조사/회비,,꽃-오구졸업,8500,지출,
588,589,2022-08-26 10:27,은행,식비,,이디야-몽실딱지은비윤애,3900,지출,
589,,2022-08-26 10:27,일정,약속,,오구 졸업식,12400,,
590,593,2022-08-24 10:26,은행,문화생활,,영화놉,14000,지출,
591,593,2022-08-24 10:26,은행,식비,,첫만남카페,11000,지출,
592,593,2022-08-24 10:26,은행,식비,,하이디라오-비차피치둥이,31400,지출,
593,,2022-08-24 10:26,일정,약속,,하이디라오팟,56400,,
594,,2022-08-20 19:03,은행,문화생활,,네이버페이-레진,10000,지출,
595,,2022-08-17 19:02,은행,문화생활,,히지아크릴,3340,지출,
596,,2022-08-17 19:02,은행,경조사/회비,,인영이언니생일,25237,지출,
597,,2022-08-13 19:02,은행,문화생활,,은혼굿즈,31000,지출,
598,,2022-08-11 19:01,은행,문화생활,,넷플,4250,지출,
599,,2022-08-10 20:50,은행,식비,,케이크,12000,지출,
600,602,2022-08-10 20:50,은행,식비,,아이엠아르띠스타카페-나연,7900,지출,
601,602,2022-08-10 20:50,은행,식비,,옥천매운족발-나연,15500,지출,
602,,2022-08-10 20:50,일정,약속,,나연전시회,23400,,
603,,2022-08-09 20:49,은행,기타,,피씨방,3000,지출,
604,607,2022-08-08 20:46,은행,기타,,자림생일,2890,지출,
605,607,2022-08-08 20:46,은행,식비,,자림생일,21100,지출,
606,607,2022-08-08 20:45,은행,기타,,자림생일,5200,지출,
607,,2022-08-08 20:45,일정,약속,,자림생일,29190,,
608,,2022-08-05 20:45,은행,기타,,해비타트,10000,지출,
609,,2022-08-05 20:45,은행,문화생활,,봄툰,11900,지출,
610,,2022-08-01 20:45,은행,용돈,,,300000,수입,
611,614,2022-07-30 18:30,은행,식비,,김밥천지-몽실영수,5000,지출,
612,614,2022-07-30 18:30,은행,식비,,와플-오구영수몽실은비쿠스요롱,2150,지출,
613,614,2022-07-30 18:30,은행,기타,,카카오페이-마샹빙수노래방-오구은비쿠스몽실요롱영수,20000,지출,
614,,2022-07-30 18:30,일정,약속,,몽실이집,27150,,
615,,2022-07-27 18:29,은행,문화생활,,네이버페이-시리즈쿠키,10000,지출,
616,,2022-07-25 18:29,은행,문화생활,,더비뒷풀이대실,18000,지출,
617,,2022-07-23 18:28,은행,문화생활,,네이버페이-미스터블루,10000,지출,
618,,2022-07-20 18:27,은행,식비,,엽떡-지민,10000,지출,
619,,2022-07-19 18:26,현금,교통/차량,,교통카드,50000,지출,
620,,2022-07-19 18:26,은행,식비,,카공-피로,5400,지출,
621,623,2022-07-18 18:21,은행,식비,,카페-공룡영수,10500,지출,
622,623,2022-07-18 18:21,은행,문화생활,,벽돌해피푸드+포토시그니쳐-공룡영수,20800,지출,
623,,2022-07-18 18:21,일정,약속,,가연영수벽해푸,31300,,
624,,2022-07-18 18:21,은행,문화생활,,봄툰충전,11900,지출,
625,,2022-07-12 18:21,은행,식비,,마라샹궈-지민,5250,지출,
626,627,2022-07-11 18:20,은행,문화생활,,교보문고공책-애기//인영이언니만남,11500,지출,
627,,2022-07-11 18:20,일정,약속,,인영이언니만남,11500,,
628,,2022-07-11 18:20,은행,문화생활,,넷플,4250,지출,
629,632,2022-07-09 17:33,은행,식비,,카페공명-오구요롱샌드몽실,8400,지출,
630,632,2022-07-09 17:33,은행,식비,,양꼬치-오구요롱샌드몽실,21400,지출,
631,632,2022-07-09 17:33,은행,문화생활,,소고네컷-딩딩,8000,지출,
632,,2022-07-09 17:33,일정,약속,,딩딩데이트-양꼬치팟,37800,,
633,,2022-07-08 18:14,은행,문화생활,,카츠라 컵,14000,지출,
634,,2022-07-07 18:14,은행,기타,,노원구지방소득,75000,수입,
635,,2022-07-06 18:13,은행,식비,,공차-지민,5900,지출,
636,,2022-07-05 18:12,은행,기타,,해비타트,10000,지출,
637,,2022-07-05 18:12,은행,문화생활,,단데기회지,8000,지출,
638,638,2022-07-02 17:34,은행,식비,,훠궈빙수-날숙,24900,지출,
639,,2022-07-02 17:34,일정,약속,,날숙데이트,24900,,
640,,2022-07-01 17:33,은행,용돈,,,300000,수입,
641,642,2022-06-26 17:33,은행,기타,,엠티,9883,지출,
642,,2022-06-26 17:33,일정,약속,,양평엠티,9883,,
643,,2022-06-23 17:28,은행,기타,,국고환급,750000,수입,
644,,2022-06-22 17:27,은행,문화생활,,몹싸회지,20300,지출,
645,647,2022-06-22 17:27,은행,식비,,빌리엔젤,5300,지출,
646,647,2022-06-22 17:27,은행,식비,,하이디라오-재철호빵은비레기,18000,지출,
647,,2022-06-22 17:27,일정,약속,,하이디라오팟,23300,,
648,,2022-06-20 17:26,은행,문화생활,,히사이시조콘서트,61000,지출,
649,,2022-06-20 17:26,은행,문화생활,,봄툰충전,11900,지출,
650,,2022-06-18 17:26,은행,식비,,탐탐-지민,10700,지출,
651,,2022-06-17 17:25,은행,문화생활,,히지아크릴,16008,지출,
652,,2022-06-15 17:19,은행,문화생활,,만카,10500,지출,
653,655,2022-06-15 17:19,은행,기타,,인생네컷,5000,지출,
654,655,2022-06-15 17:19,은행,식비,,우육면어쩌고-은비,14450,지출,
655,,2022-06-15 17:19,일정,약속,,은비데이트,19450,,
656,,2022-06-13 16:59,은행,문화생활,,넷플,4250,지출,
657,,2022-06-12 16:58,은행,식비,,학공찜닭이디야-비차샌드쿠스윤애오구영수,13108,지출,
658,,2022-06-08 16:57,은행,식비,,블루마일스-지민,10700,지출,
659,,2022-06-07 16:57,은행,기타,,해비타트,10000,지출,
660,661,2022-06-06 16:57,은행,식비,,용용선생-공룡,37200,지출,
661,,2022-06-06 16:57,일정,약속,,팀플,37200,,
662,,2022-06-05 16:55,은행,식비,,잠실카공-샌드,12300,지출,
663,,2022-06-04 16:55,은행,문화생활,,긴히지포카,7000,지출,
664,666,2022-06-03 16:54,은행,식비,,할리스-오구은비샌드쿠스,10520,지출,
665,666,2022-06-03 16:54,은행,식비,,산청자매훠궈-은비오구샌드쿠스,18000,지출,
666,,2022-06-03 16:54,일정,약속,,저녁팟,28520,,
667,,2022-06-01 16:01,은행,식비,,집앞탐탐,5000,지출,
668,,2022-06-01 16:01,은행,용돈,,,300000,수입,
669,,2022-05-31 16:00,은행,기타,,스터디벌금,3000,지출,
670,672,2022-05-29 15:59,은행,기타,,꽃-자림데뷔,5500,지출,
671,672,2022-05-29 15:59,은행,식비,,치킨-자림데뷔,6300,지출,
672,,2022-05-29 15:59,일정,약속,,자림이 데뷔일,11800,,
673,,2022-05-29 15:59,은행,식비,,팔공티,4000,지출,
674,676,2022-05-24 15:57,은행,식비,,후토마끼+카페-용한비차샌드(카카오페이충전),30000,지출,
675,676,2022-05-24 15:57,은행,식비,,탐탐-샌드비차용한,5300,지출,
676,,2022-05-24 15:57,일정,약속,,후토마끼팟,35300,,
677,,2022-05-23 15:56,은행,식비,,레모네이드(순대볶음용..),1000,지출,
678,,2022-05-23 15:56,은행,식비,,생협,5700,지출,
679,,2022-05-23 15:56,은행,식비,,공대학식,4900,지출,
680,,2022-05-22 15:55,은행,문화생활,,봄툰충전,11900,지출,
681,,2022-05-20 15:54,은행,건강,,발 물리치료+약,21400,지출,
682,,2022-05-17 14:27,은행,기타,,웹캠커버,4500,지출,
683,,2022-05-16 14:26,은행,식비,,마라탕-애기,20000,지출,
684,,2022-05-16 14:26,은행,기타,,달쥬,80000,수입,
685,,2022-05-13 15:29,은행,문화생활,,네이버페이-시리즈쿠키,10000,지출,
686,689,2022-05-13 15:29,은행,식비,,카페-오구흐물,9100,지출,
687,,2022-05-12 15:29,은행,식비,,어버이날(기타),15000,지출,
688,689,2022-05-12 15:29,은행,식비,,훠궈-오구흐물,20600,지출,
689,,2022-05-12 15:29,일정,약속,,오구흐물데이트,29700,,
690,,2022-05-11 15:29,은행,문화생활,,넷플,4250,지출,
691,,2022-05-08 15:28,은행,문화생활,,노원문구,10550,지출,
692,,2022-05-06 11:22,은행,기타,,해비타트,10000,지출,
693,,2022-05-06 11:22,은행,기타,,어버이날(tgi),52500,지출,
694,,2022-05-06 11:22,은행,식비,,복숭아녹차,1000,지출,
695,,2022-05-06 11:21,은행,기타,,교복포카3기키트,60000,수입,
696,697,2022-05-05 11:20,은행,식비,,솥밥만카떡볶이-딩딩짝아피치,36500,지출,
697,,2022-05-05 11:20,일정,약속,,히지생카,41500,,
698,697,2022-05-05 11:20,은행,문화생활,,프박(주식회사나인나인),5000,지출,
699,,2022-05-03 11:19,은행,문화생활,,미스터블루,10000,지출,
700,,2022-05-02 14:33,은행,용돈,,,300000,수입,
701,702,2022-05-01 14:34,은행,식비,,한강도시락팟,7530,지출,
702,,2022-05-01 14:34,일정,약속,,한강도시락팟,7530,,
703,,2022-04-30 19:51,은행,식비,,떡베이컨,8980,지출,
704,706,2022-04-30 19:51,은행,식비,,칼제비-짝아,21000,지출,
705,706,2022-04-30 19:51,은행,교통/차량,,자전거-짝아,12000,지출,
706,,2022-04-30 19:51,일정,약속,,자전거데이트,33000,,
707,,2022-04-28 19:50,은행,문화생활,,봄툰충전,11900,지출,
708,,2022-04-23 22:57,현금,교통/차량,,교통카드,50000,지출,
709,,2022-04-23 21:24,은행,식비,,신전-쿠스비차오구,8875,지출,
710,,2022-04-21 21:24,은행,식비,,마라탕초콜릿-비차,12410,지출,
711,,2022-04-20 21:23,은행,식비,,지에스-지민,7400,지출,
712,,2022-04-17 21:25,현금,문화생활,,은혼,55000,지출,
713,,2022-04-17 3:11,은행,문화생활,,넷플,4250,지출,
714,,2022-04-16 3:11,은행,식비,,카공긴자료코-피로비차은비,14500,지출,
715,,2022-04-15 3:10,은행,식비,,팔공티,5000,지출,
716,,2022-04-12 3:10,은행,식비,,파스타리코-샌드비차,8500,지출,
717,,2022-04-11 3:09,은행,기타,,스터디벌금,500,지출,
718,719,2022-04-10 3:08,은행,식비,,한강-체리자림샌드비차,36020,지출,
719,,2022-04-10 3:08,일정,약속,,한강팟,36020,,
720,,2022-04-09 3:08,은행,식비,,카공-오구피로,6000,지출,
721,722,2022-04-08 3:07,은행,식비,,낮과밤-은비오구몽실,13500,지출,
722,,2022-04-08 3:07,일정,약속,,낮과밤팟,13500,,
723,724,2022-04-07 3:06,은행,식비,,조이떡볶이할리스-오구은비,7700,지출,
724,,2022-04-07 3:06,일정,약속,,조이떡볶이팟,7700,,
725,,2022-04-06 18:14,은행,식비,,어제저녁맘스터치,6400,지출,
726,,2022-04-06 18:14,은행,식비,,저녁-윤애영수,10000,지출,
727,,2022-04-05 18:13,은행,기타,,해비타트,10000,지출,
728,,2022-04-04 22:58,현금,기타,,아빠가줌^^,100000,수입,
729,730,2022-04-02 4:12,은행,기타,,자전거+밥-짝아,25000,지출,
730,,2022-04-02 4:12,일정,약속,,자전거데이트,25000,,
731,,2022-04-02 4:12,은행,문화생활,,포타충전-네이버페이,10000,지출,
732,,2022-04-01 4:12,은행,용돈,,,300000,수입,
733,734,2022-04-01 4:11,은행,식비,,양꼬치카페페라-몽실오구자림용한샌드,36000,지출,
734,,2022-04-01 4:11,일정,약속,,몽실이 생파,46000,,
735,734,2022-03-30 17:36,은행,경조사/회비,,몽실케이크,10000,지출,
736,,2022-03-28 17:35,은행,문화생활,,포타충전,10000,지출,
737,,2022-03-25 22:15,은행,식비,,카공저녁-샌드필수,13700,지출,
738,739,2022-03-19 15:57,은행,식비,,또보겠지카페-필수은비,17500,지출,
739,,2022-03-19 15:57,일정,약속,,필수선배,17500,,
740,,2022-03-16 15:57,은행,식비,,엽떡-지민,5500,지출,
741,,2022-03-13 3:39,은행,문화생활,,넷플,4250,지출,
742,,2022-03-11 3:38,은행,문화생활,,네이버페이 충전-네이버웹툰😅,10000,지출,
743,,2022-03-11 3:38,은행,문화생활,,봄툰,11900,지출,
744,,2022-03-10 3:37,은행,식비,,천진분식-비차,18000,지출,
745,,2022-03-10 3:37,은행,교육,,운체교재,5000,지출,
746,,2022-03-09 3:36,은행,기타,,심,10000,지출,
747,748,2022-03-09 3:36,은행,식비,,양꼬치+a-오구공룡몽실,35700,지출,
748,,2022-03-09 3:36,일정,약속,,양꼬치팟,35700,,
749,,2022-03-07 1:23,은행,기타,,해비타트,10000,지출,
750,751,2022-03-07 1:23,은행,식비,,연어카페-윤애몽실영수,28250,지출,
751,,2022-03-07 1:23,일정,약속,,연어먹는모임,28250,,
752,,2022-03-01 1:22,은행,용돈,,,300000,수입,
753,,2022-02-26 12:53,은행,문화생활,,네이버페이-레진,30000,지출,
754,,2022-02-23 14:37,은행,문화생활,,네이버페이-예사만화,10000,지출,
755,756,2022-02-16 14:09,은행,식비,,해치스소소하게-윤애샌드은비,18500,지출,
756,,2022-02-16 14:09,일정,약속,,윤애샌드은비크로스,18500,,
757,,2022-02-11 16:04,은행,문화생활,,넷플,4250,지출,
758,,2022-02-11 16:04,은행,기타,,힘내라이화,34200,수입,
759,,2022-02-11 16:03,은행,식비,,압구정커피빈-애기,11400,지출,
760,,2022-02-10 16:03,은행,문화생활,,쮸밥,13875,지출,
761,,2022-02-09 16:03,은행,문화생활,,화산귀환,5000,지출,
762,,2022-02-08 16:02,은행,기타,,걍엄마랑현금교환,100000,수입,
763,,2022-02-07 16:01,은행,기타,,해비타트,10000,지출,
764,,2022-02-07 16:00,은행,식비,,앤티앤스,4500,지출,
765,,2022-02-07 16:00,은행,기타,,피씨방,3000,지출,
766,,2022-02-06 15:59,은행,문화생활,,파탄범,15500,지출,
767,,2022-02-04 15:59,은행,기타,,지정회지,21000,수입,
768,,2022-02-03 15:58,은행,용돈,,,300000,수입,
769,,2022-02-01 15:58,은행,기타,,작은외삼촌세뱃돈,100000,수입,
770,,2022-02-01 15:57,은행,기타,,엄마아빠세뱃돈,90000,수입,
771,,2022-02-01 15:57,은행,용돈,,큰아빠세뱃돈,100000,수입,
772,,2022-01-29 15:56,은행,식비,,불닭레시피,5350,지출,
773,,2022-01-26 15:54,은행,식비,,카카오페이-오구몽실자림용한샌드,20000,지출,
774,,2022-01-26 15:53,은행,문화생활,,어드밴트 캘린더,24000,지출,
775,,2022-01-25 15:53,은행,식비,,카페파오-샌드,6000,지출,
776,,2022-01-24 15:52,은행,기타,,카카오페이..뭐지,10000,지출,
777,,2022-01-21 15:44,은행,기타,,원호굿즈,10000,수입,
778,779,2022-01-20 19:13,은행,식비,,샌드재철쿠스-하이디라오,32300,지출,
779,,2022-01-20 19:13,일정,약속,,하이디라오팟,32300,,
780,,2022-01-20 19:13,은행,문화생활,,티빙,4900,지출,
781,782,2022-01-19 19:12,은행,식비,,오구키지-냉삼,20000,지출,
782,,2022-01-19 19:12,일정,약속,,냉삼,20000,,
783,,2022-01-18 19:12,은행,기타,,생일선물,100000,수입,
784,,2022-01-17 22:08,은행,문화생활,,팬레터,60400,지출,
785,786,2022-01-15 22:07,은행,문화생활,,주연생일,45000,지출,
786,,2022-01-15 22:07,일정,약속,,짝아랑 동네한바퀴,45000,,
787,,2022-01-14 9:41,은행,문화생활,,봄툰,11900,지출,
788,789,2022-01-13 9:41,은행,식비,,위안바오-나연,14000,지출,
789,,2022-01-13 9:41,일정,약속,,위안바오-나연,14000,,
790,,2022-01-11 9:41,은행,문화생활,,넷플,3625,지출,
791,,2022-01-10 17:08,은행,부수입,,그거,200000,수입,
792,,2022-01-09 17:07,은행,문화생활,,얼하,60000,지출,
793,,2022-01-06 1:41,은행,문화생활,,농담곰,20000,지출,
794,,2022-01-05 1:40,은행,기타,,해비타트,10000,지출,
795,796,2022-01-03 1:40,은행,식비,,오구자림몽실-해피벽돌푸드+,30000,지출,
796,,2022-01-03 1:40,일정,약속,,해피벽돌푸드,30000,,
797,,2022-01-02 1:39,은행,기타,,소장본,15000,수입,
798,,2022-01-01 13:24,은행,용돈,,,300000,수입,
799,,2022-01-01 13:23,은행,경조사/회비,,엄마생일,75000,지출,
800,,2022-01-01 1:39,은행,문화생활,,리디충전,100000,지출,
801,,2021-12-31 13:22,은행,문화생활,,더비4기..,35000,지출,
802,,2021-12-31 13:22,은행,식비,,계란,4350,지출,
803,,2021-12-31 13:22,은행,건강,,스케일링,16000,지출,
804,,2021-12-30 13:21,은행,패션/미용,,모자,21800,지출,
805,,2021-12-29 13:21,은행,식비,,마크정식,6950,지출,
806,,2021-12-24 13:20,은행,식비,,이디야,4500,지출,
807,,2021-12-24 13:19,은행,기타,,디스커스,12000,수입,
808,,2021-12-23 23:25,은행,기타,,토끼인형,10000,수입,
809,,2021-12-23 23:25,은행,기타,,에릭포카,3000,수입,
810,,2021-12-23 23:25,은행,기타,,몬엑5기,10000,수입,
811,,2021-12-19 23:23,일정,약속,,오프전시회,12000,,
812,811,2021-12-19 23:23,은행,문화생활,,주연전시회,12000,지출,
813,,2021-12-14 0:44,은행,문화생활,,레진...,10000,지출,
814,,2021-12-12 4:35,은행,문화생활,,봄툰결제...,11900,지출,
815,,2021-12-11 20:13,은행,문화생활,,넷플,3625,지출,
816,,2021-12-10 20:13,은행,부수입,,그거,200000,수입,
817,,2021-12-09 20:12,은행,기타,,김선우 포카,15000,수입,
818,,2021-12-09 20:12,은행,문화생활,,매버릭 6장,91600,지출,
819,,2021-12-08 20:11,은행,문화생활,,덥뮤다 엽서-오구,12000,지출,
820,,2021-12-07 20:11,은행,식비,,카공,5700,지출,
821,,2021-12-07 20:10,은행,패션/미용,,마물쭈 옷..,13100,지출,
822,,2021-12-06 20:10,은행,기타,,해비타트,10000,지출,
823,824,2021-12-05 20:09,은행,식비,,온콘 음식,8733,지출,
824,,2021-12-05 20:08,일정,약속,,온콘,39844,,
825,,2021-12-05 20:08,은행,경조사/회비,,오구 선물,14000,지출,
826,,2021-12-03 20:07,은행,문화생활,,봄툰결제...,11900,지출,
827,,2021-12-01 20:14,은행,용돈,,,300000,수입,
828,,2021-12-01 20:06,일정,약속,,장정정 4인,40400,,
829,,2021-12-01 20:06,은행,식비,,장정정+칵테일,40400,지출,
830,,2021-11-30 20:32,은행,식비,,메가커피,7800,지출,
831,,2021-11-29 20:31,은행,기타,,네이버페이,10000,지출,
832,,2021-11-29 20:31,은행,교육,,스터디,3000,지출,
833,,2021-11-27 20:31,은행,식비,,카공,6300,지출,
834,,2021-11-24 20:30,은행,식비,,지민,1700,지출,
835,,2021-11-24 20:30,일정,약속,,나연이,30000,,
836,835,2021-11-24 20:30,은행,식비,,나연이랑 삼겹살,30000,지출,
837,824,2021-11-22 20:29,은행,문화생활,,온콘팟,31111,지출,
838,,2021-11-22 20:29,은행,기타,,카카오페이..뭐지,10000,지출,
839,,2021-11-21 20:28,은행,문화생활,,마물쭈 추가,15000,지출,
840,,2021-11-19 20:28,은행,경조사/회비,,아빠생일,100000,지출,
841,,2021-11-17 20:28,은행,식비,,아마스빈-지민,6900,지출,
842,,2021-11-15 20:27,은행,교육,,스터디,1500,지출,
843,,2021-11-14 20:27,은행,기타,,카카오페이..뭐지,16400,지출,
844,,2021-11-13 20:26,은행,문화생활,,카카오페이-웹툰인듯...,12500,지출,
845,,2021-11-13 20:23,은행,문화생활,,네이버페이-웹툰인듯..,25766,지출,
846,,2021-11-12 20:23,은행,문화생활,,짜가포카,10000,지출,
847,,2021-11-12 20:22,은행,생활용품,,가방,100000,지출,
848,,2021-11-11 20:22,은행,기타,,피씨방,2000,지출,
849,,2021-11-11 20:21,은행,기타,,롯데쇼핑..뭐지,5500,지출,
850,,2021-11-11 20:20,은행,문화생활,,넷플,3625,지출,
851,,2021-11-10 20:20,은행,부수입,,그거,200000,수입,
852,,2021-11-10 20:19,은행,문화생활,,네이버페이-웹툰인듯..,40000,지출,
853,,2021-11-06 20:19,은행,기타,,다이소,2000,지출,
854,,2021-11-05 20:18,은행,기타,,해비타트,10000,지출,
855,,2021-11-04 20:17,은행,기타,,네이버페이,1620,지출,
856,,2021-11-03 20:17,은행,부수입,,예영 과외,180000,수입,
857,,2021-11-01 20:16,은행,용돈,,,300000,수입,
